title,text_list,tag_list,url
Sinoptik: У вівторок 23 квітня на Черкащині буде ясно," 23 квітня у Черкаській області буде без опадів., У ,, ,, ,, ,, ,, ,, ,, ,, ,, , вдень ненадовго небо стане ясним, але вже ближче до вечора його знову окупують ранкові хмари., Заморозки у повітрі до 1 градусу морозу., Температура повітря вночі становитиме +7…+8 градусів, удень стовпчик термометра підніметься до +15…+17 градусів., Вітер північно-східний, східний 2–3 м/с., Як повідомляв сайт vikka.ua, черкаські сквери , до Великодня., ","#ВІККА,#новини,#Черкащина,#погода",https://www.vikka.ua/novini/sinoptik-u-vivtorok-23-kvitnya-na-cherkashhini-bude-yasno/
Копачі могил викинули покійницю з поховання на Черкащині," У Колодистому Тальнівського району копачі могил викинули покійницю з поховання. Інцидент стався ще наприкінці зими. Втім, відомо про нього стало лише нещодавно, пишуть "",""., ""Там було зайняте місце – насипаний горбок і штучні квіти встромлені. У нас на кладовищі багато-хто таке практикує, – розповідає місцева жителька. – Копачі, яких найняла родина копати яму, наткнулися на поховання. Нікому про це не сказали, а викинули їх у сторону. Коли сніг зійшов, випадково побачили незахоронені людські кістки""., Працівника кладовища у селі нема. Сільський голова Олексій Сарана про інцидент не знав., ""Мені зателефонував депутат і каже: ""Дмитрович, там на кладовищі кості валяються"". Я зібрав копачів, почав розпитувати і аж тоді вони призналися в скоєному"", – коментує сільський голова., Посадовець змусив винуватців викопати ще одну яму. Після чого, спільно із священиком, небіжчицю перепоховали за християнським звичаєм., За скоєне передбачається кримінальна відповідальність за статтею 297 (наруга над могилою) Кримінального кодексу України., Як повідомляв сайт vikka.ua, у Черкасах ,могили на цвинтарі., ","#ВІККА,#новини,#Черкащина,#цвинтар",https://www.vikka.ua/novini/kopachi-mogil-vikinuli-pokijnicyu-z-poxovannya-na-cherkashhini/
Водій під час руху в Черкасах втратив свідомість та врізався у дерево (ФОТО)," У Черкасах на вулиці Грушевського сталася дорожньо-транспортна пригода із потерпілими. Про це повідомляє речниця патрульної поліції Черкаської області Зоя Вовк., Правоохоронці, котрі прибули на місце події, встановили, що водій автомобіля не впорався із керуванням та врізався у дерево, що стояло на узбіччі. Чоловік 1979 року народження розповів, що хворіє на цукровий діабет, під час руху він втратив свідомість, внаслідок чого і сталася ДТП., Під час пригоди в салоні машини перебувала мати водія. Жінці 1940 року народження внаслідок удару затисло ногу. Рятувальники, котрі також прибули на місце події, звільнили потерпілу із автівки. Пізніше її госпіталізували до лікарні., Як повідомляв сайт vikka.ua, на Черкащині , потрійна ДТП., ,  ","#Черкаси,#ВІККА,#новини,#ДТП",https://www.vikka.ua/novini/vodij-pid-chas-ruxu-v-cherkasax-vtrativ-svidomist-ta-vrizavsya-u-derevo-foto/
"Рабинович: Президент має бути Гарантом Конституції, а не відмовчуватись, коли її ґвалтують і скасовують","Новообраний президент країни перш за все повинен стежити за виконанням положень Основного закону і пам'ятати, що Україна – парламентсько-президентська республіка, де президент має обмежені повноваження. Про це заявив народний депутат України і голова партії ""Опозиційна платформа – За життя"" в прямому ефірі програми ""Пульс"" на телеканалі ""112 Україна"".,""Навіть якщо Володимир Зеленський стане президентом, то у нього не вийде швидко змінити ситуацію в країні на краще, тому що повноваження президента обмежені Конституцією. В Основному законі написано, що президент України може призначити міністра оборони, главу МЗС, секретаря РНБО, генерального прокурора, голову СБУ та голову Нацбанку. І то – не без допомоги парламенту! Президент не має відношення до економіки, що не приватизує банки, він – гарант Конституції. Гарантом же можна назвати того, хто стежить за виконанням ""закону номер один"", – підкреслив політик.,Парламентарій нагадав, що чинний глава держави ""відмовчується"" і в разі, пов'язаному з відсутністю більшості в парламенті, і в разі, пов'язаному з його бізнес-партнером і екс першим заступником секретаря РНБО Гладковського Свинарчуком.,""Виходячи з положень ""закону номер один"" країною править парламентська більшість – 226 депутатів. Але фактично адже коаліції – немає! Я кілька разів просив спікера Верховної Ради Андрія Парубія надати список парламентаріїв, які входять до більшості, в міфічну коаліцію, на що він відповів: ""не маю повноважень!"". Глава парламенту не має повноважень дати народному депутату список народних обранців, які входять в більшість, яка править країною? Це – сюрреалізм! І президент знову не заступився за Конституцію!.. Петро Порошенко днями сказав, що більше не буде призначати друзів на ключові пости в державі. Нагадаю, що ми чотири роки вже платимо військовий збір, який йде в загальну скарбницю. Потім друзі президента – Свинарчук – за завищеними цінами закуповують деталі для військової техніки з цієї ж скарбниці"", – обурився Вадим Рабинович.,Глава партії ""Опозиційна платформа – За життя"" також вважає, що новообраному президенту слід ініціювати перепис населення в країні, щоб ""розуміти, як управляти господарством"".,""Щоб годувати сім'ю треба зрозуміти, скільки людина в родині. Якщо у людини двоє дітей, то він купує одне кількість продуктів, якщо четверо – інше. Так і в державі! Згідно із законом України у нас регулярно повинна проводитися перепис населення. Ми ж проводили її в останній раз в 2001 році. Тобто ми поняття не маємо, скільки людей живе в країні! Яке право влада має виписувати будь-яке кількість бюлетенів, якщо вона не вважала за кількість померлих, які виїхали і так далі? Ми – єдина країна в світі, в якій нікого не цікавить кількість жителів. Це, як і війна на Донбасі: просто комусь вигідно, щоб вона тривала нескінченно! Звідси і всі проблеми при складанні бюджету, тому що при його формуванні влада ""на око"" міряє і кількість пенсіонерів, між якими нібито будуть розподіляти гроші з пенсійного фонду. А може, пенсіонерів вже набагато менше взагалі?"" – підкреслив народний депутат.,Політик упевнений, що після 2001 року влада боялася сказати кількість проживаючих в країні людей, тому що українці і світове співтовариство ""жахнуться від отриманих результатів перепису"".,""Нам потрібно зрозуміти, скільки людей живе в країні, щоб розуміти як управляти країною, формувати бюджети. Але влада боїться цього, тому що знає, що перепис покаже катастрофічну ситуацію. На сьогоднішній день існує лише одна статистика за кількістю жителів в Україні – це дані ООН, яка розраховує чисельність населення за рівнем споживання хліба. За даними ООН, нас проживає в Україні близько 25 мільйонів! .. Всього лише! .. Упевнений, нова влада, яка хоче будувати, а не грабувати, зобов'язана провести перепис населення! "", – резюмував Вадим Рабинович.",,https://www.vikka.ua/novini-na-vikka/politichni-novini/rabinovich-prezident-maye-buti-garantom-konstituci%d1%97-a-ne-vidmovchuvatis-koli-%d1%97%d1%97-%d2%91valtuyut-i-skasovuyut/
Школярі із Черкащини прибрали сміття в заповідній зоні," З нагоди Дня довкілля у Шполянському лісництві провели акцію з прибирання від сміття заповідного лісового урочища ""Дар’ївське"". Учасниками ""чистої акції"" стали учні комунального закладу ""Шполянська загальноосвітня санаторна школа-інтернат Черкаської обласної ради"". Про це повідомляє , Черкаського обласного управління лісового та мисливського господарства., Урочище ""Дар’ївське"" – улюблене місце відпочинку жителів Шполи, оскільки розташоване біля міста і створювалось спочатку як парк. До сьогодні в урочищі ростуть 150-200-річні дуби. Однак, відпочиваючи, люди залишають усе сміття на території лісу, вивозять туди і побутові та будівельні відходи., , Шполянська школа-інтернат межує з цим лісом, заклад постійно співпрацює зі Шполянським лісництвом, беруть участь у різних акціях по збереженню довкілля. Шполянські лісівники за таке дбайливе ставлення до лісу пригостили кожного юного учасника солодким подарунком, а для школи подарували шість футбольних м`ячів., , Як повідомляв сайт vikka.ua, про нічні заморозки , черкащан., ,  ","#ВІККА,#новини,#Черкащина,#порятунок лісів",https://www.vikka.ua/novini/shkolyari-iz-cherkashhini-pribrali-smittya-v-zapovidnij-zoni/
"""Черкаські Мавпи-05"" завершили сезон ВЮБЛ на стадії чвертьфіналу (ФОТО)"," Підопічні Василя Івлєва ""Черкаські Мавпи-05"" припинили боротьбу у чвертьфіналі чемпіонату України. Про це інформує , БК., Матч-відповідь 1/4 фіналу Всеукраїнської юнацької баскетбольної ліги України приймали Черкаси. Місцеві юнаки 2005-го року народження грали із командою ЗОДЮСШ (Ужгород). У другому матчі черкасці мали небагато шансів на вихід до півфіналу, оскільки все вирішила виїзна гра, коли ""Мавпи"" поступилися суперникові у 40 очок., Як підсумок, ""Мавпам"" необхідно було відігравати це відставання. Чого зробити не вдалося. У Черкасах пройшов рівний матч із обопільними змінами лідера, однак команда із Західної України зуміла здобути мінімальну перемогу та путівку до півфіналу. Тоді як ""Черкаські Мавпи-05"" завершили сезон., , ""Провалили матч в Ужгороді, коли не забили багато своїх м’ячів. Після такої гри зараз було вже важко. Втім провели хороший матч. Ми виходили вперед, Ужгород лідирував – ми наздоганяли. Була хороша рівна гра із якісною боротьбою. В кінцівці суперник зумів отримати мінімальне лідерство і перемогти. В цілому мені сподобався цей сезон. У порівнянні з минулим роком ми стали грати значно краще. Того року ми посіли 6-те місце, зараз 5-8-ме. Різниці немає, але по якості гри ми піднялися на щабель вище. Ми поступаємося по об’єктивним причинам. Нашим високим гравцям не вистачає антропометричних даних, сподіваюся, що наші гравці за літо підростуть на сантиметрів 10 і тоді ми зможемо чинити гідний опір суперникам. Бо зараз наші бігмени програють своїм суперникам єдиноборства. Ми граємо за рахунок задньої лінії. Як тільки ми додамо в антропометрії – зробимо значний крок уперед"", – каже головний тренер ""Черкаських Мавп-05"" Василь Івлєв., Як повідомляв сайт vikka.ua, група підтримки ""Черкаських Мавп"" , чирлідингу., ","#ВІККА,#новини,#Черкаські Мавпи",https://www.vikka.ua/novini/cherkaski-mavpi-05-zavershili-sezon-vyubl-na-stadi%d1%97-chvertfinalu-foto/
Під час ДТП у Черкасах постраждала 18-річна дівчина (ФОТО)," Увечері 20 квітня на проспекті Хіміків у Черкасах сталась ДТП за участі ""Mazda"" та ""Mercedes Sprinter"". Останній автомобіль зник з місця події. Про це інформує прес-служба УПП у Черкаській області., 18-річна дівчина, пасажир автомобіля ""Mazda"", була травмована та доставлена до 3-ї міської лікарні., Справою по ДТП з постраждалими займаються слідчі Черкаського відділу поліції., Як повідомляв сайт vikka.ua, у Черкасах , пішохода., ","#Черкаси,#ВІККА,#новини,#ДТП",https://www.vikka.ua/novini/pid-chas-dtp-u-cherkasax-postrazhdala-18-richna-divchina-foto/
Головною вулицею Черкас на півдня обмежать рух електротранспорту," 22 квітня по бульвару Шевченка буде відсутній рух електротранспорту від вул. Святотроїцька до санаторію ""Україна"". Про це у Facebook повідомив директор комунального підприємства ""Черкасиелектротранс"" Петро Кучер., Тролейбуси №1, №1а, №7, №7а, №3 будуть працювати до зупинки ""Площа Соборна""., Обмеження діятимуть у зв’язку з ремонтом асфальтного покриття., , Як повідомляв сайт vikka.ua, у Черкасах , пішохода., ","#ВІККА,#новини,#черкащанка,#обмеження руху",https://www.vikka.ua/novini/golovnoyu-vuliceyu-cherkas-na-pivdnya-obmezhat-rux-elektrotransportu/
За вихідні на Черкащині знайшли два боєприпаси (ФОТО)," Протягом вихідних у Кам’янському районі місцеві жителі знайшли два боєприпаси часів минулих війн. Про це повідомляє прес-служба управління ДСНС України в Черкаській області., Так, 20 квітня сапери знищили авіаційну бомбу, яку напередодні в селі Баландине, Кам1янського району виявили місцеві жителі., Наступного дня піротехніки вилучили мінометну міну калібром 82 мм, яку виявив житель хутору Калинівка, коли виконував польові роботи., Всього, у цьому році в області були знайдені та знищені вже 157 боєприпасів часів минулих війн., , , , Як повідомляв сайт vikka.ua, шість боєприпасів , на Черкащині., ,  ","#ВІККА,#новини,#Черкащина,#боєприпаси",https://www.vikka.ua/novini/za-vixidni-na-cherkashhini-znajshli-dva-boyepripasi-foto/
Активісти прибрали сміття із узбіч на Черкащині (ФОТО)," У Лисянському лісгоспі до Дня довкілля працівники підприємства та активісти прибрали узлісся понад трасою. Про це повідомляє , Черкаського обласного управління лісового та мисливського господарства., Лісівники Стеблівського лісництва долучитись до акції ""За чисте довкілля"". Заходи з прибирання лісових масивів підтримали не лише працівники лісництва, а й небайдужі представники громади Стеблівської ОТГ та студенти Корсунь-Шевченківського коледжу., , Під керівництвом лісничого Стеблівського лісництва Олександра Паламаренка було проведено прибирання, а також підрізку нижнього гілля дерев узлісся у кварталі 16, яке безпосередньо прилягає до автодороги Лисянка – Корсунь-Шевченківський. Протягом дня активісни назбирали ""ГАЗон"" сміття та різного непотребу., , , Як повідомляв сайт vikka.ua, школярі із Черкащини , сміття в заповідній зоні., ,  ","#ВІККА,#новини,#Черкащина,#прибирання",https://www.vikka.ua/novini/aktivisti-pribrali-smittya-iz-uzbich-na-cherkashhini-foto/
Півтори сотні гумористів зі всієї країни змагалися на Черкащині," Два десятки команд, понад 150 учасників з усієї країни, зіркові редактори та тренери – таким стартував кардинально новий сезон золотоніської ""Ліги Сміху"". Традиційний гумористичний благодійний проект у Золотоноші відтепер вийшов на якісно новий рівень. Віднині місцева ""Ліга"" носить статус відкритої, збираючи на своїй базі коміків з багатьох міст України. про це пише сайт ,., Редакторами проекту стали двоє досвідчених гостей із Києва − автори скетчкомів ""Країна У"" та ""Зірконавти"" Сергій Бібілов та Ілля Дерменжи. Саме вони протягом місяця опікувалися місцевою ""Лігою"", а впродовж останнього тижня ретельно здійснювали відбір конкурсантів на гала-концерт., , Не менш цікавим став і тренерський склад, котрий протягом сезону не лише вирішуватиме долю учасників, а й сам братиме участь у виступах. Цього разу таку місію взяли на себе переможець двох сезонів у якості тренера, міський голова Віталій Войцехівський, меценатка, засновник благодійного фонду ""Разом"" Людмила Русаліна, актор відомої лігосміхівської команди ""30+"" Іван Кухарчук, його колега із колективу ""Ветерани космічних військ"" Артем Дамницький, а також актриса театру та кіно, пародистка Олька з найкращої комедії року ""Скажене весілля"" Інна Приходько., У результаті фестивального відбору наразі сформовано 10 колективів, що протягом сезону виборюватимуть першість. Мова йде про команди ""Кавомани"" із Золотоноші та ""Sha"" із Києва (тренер – Віталій Войцехівський), ""Довідник Стеля"" із Черкас та ""Старі клячі"" із Золотоноші (тренер – Людмила Русаліна), ""Поні в яблуках"" із Полісся та чорнобаївський колектив ""По-людськи"" (тренер – Інна Приходько), ""Одуванчик"" із Ужгорода та ""Дуракам закон не писан"" із Ніжина (тренер – Іван Кухарчук), ""Владимирский централ – Город северный"" із Чернігова та ""Хвилюватись немає причин"" із Черкас (тренер – Артем Дамницький)., , Окремо судді та організатори відзначили і колективи, що не потрапили до регулярного сезону. Кубок Фестивалю цього вечора дістався золотоніській команді ""КАЧ"", що свого часу була сформована на базі всім відомої ""Активії"" і вже встигла навіть взяти участь у Одеському фестивалі ""Ліги Сміху"". Грошову ж премію отримала молодіжна команда ""Кілька людей"" із Тернополя., Зазначимо, що конкурс має благодійну мету. Тому вся виручка від продажу квитків направиться на допомогу комусь із містян. Також окремо на вході до залу стояла благодійна скринька. Цього разу 21,5 тисяч гривень вдалося зібрати на лікування місцевої школярки Олі Тупоти., Чвертьфінал золотоніської відкритої ""Ліги Сміху"" відбудеться 7 червня. Саме там публіка побачить у справі вже й зіркових тренерів., , Як повідомляв сайт vikka.ua, хлопець із Золотоноші на всю країну , перемогою на дизайнерському шоу., ,  ","#ВІККА,#новини,#Черкащина,#гумор",https://www.vikka.ua/novini/pivtori-sotni-gumoristiv-zi-vsiye%d1%97-kra%d1%97ni-zmagalisya-na-cherkashhini/
Водії-порушники у Черкасах розбили чужі автівки (ФОТО)," У Черкасах зранку 22 квітня сталося дві дорожньо-транспортні пригоди, пов’язані із порушенням Правил дорожнього руху. Про це повідомляє прес-служба патрульної поліції Черкаської області., Так, на перехресті вулиць Богдана Хмельницького та Благовісної водій ""Opel Astra"" проїхав на ""червоний"" та врізався в автомобіль ""ВАЗ-2115"". Правоохоронці, які прибули на місце події, склали протокол на винуватця зіткнення., , Окрім цього вранці сталася ще одна схожа пригода на перехресті вулиць Святотроїцька та Хрещатик. Там водій автомобіля ""Daewoo Nexia"" не пропустив легковик ""Skoda Fabia"". Правоохоронці також склали протокол на порушника ПДР., , , В обох пригодах транспортні засоби отримали механічні ушкодження, ніхто із учасників не постраждав., , Як повідомляв сайт vikka.ua, водій під час руху в Черкасах , свідомість та врізався у дерево., ,  ","#Черкаси,#ВІККА,#новини,#ДТП",https://www.vikka.ua/novini/vodi%d1%97-porushniki-u-cherkasax-rozbili-chuzhi-avtivki-foto/
Браконьєри на Черкащині виловили сітками риби на майже 10 тисяч гривень (ФОТО)," Під час весняно-літнього нересту інспектори на річці Супій, в притоці Кременчуцького водосховища, неподалік сіл Дмитрівка та Матвіївка, Золотоніського району, виявили незаконний вилов риби. Про це повідомляє начальник управління екологічного нагляду у Черкаській області Олександр Позняков., Так, правоохоронці виявили 14 браконьєрських сіток, загальною довжиною близько 1 км., із уловом. Під час обстеження було виявлено 70 пліток, 15 плоскирок, одного окуня, 13 лящів, двох краснопірок, 34 карасів, двох язів та одного лина. Внаслідок незаконного вилову риби було завдано шкоди державі на суму 9 772 грн., , Щоб встановити осіб, причетних до злочину, на місце події викликали слідчо-оперативну групу. Правоохоронці вилучили сітки. Рибу здали під реалізацію до рибоприймального пункту, після чого гроші перераховують до державного бюджету., , Як повідомляв сайт vikka.ua, протягом п'яти днів браконьєри на Черкащині , риби на понад 90 тисяч гривень., ,  ","#ВІККА,#новини,#Черкащина,#браконьєрство",https://www.vikka.ua/novini/brakonyeri-na-cherkashhini-vilovili-sitkami-ribi-na-majzhe-10-tisyach-griven-foto/
На Черкащині невідомі підпалили підсобне приміщення в парку (ФОТО)," У Монастирищі сталася пожежа в підсобному приміщенні парку. Про це повідомляє прес-служба Монастирищенської державної пожежно-рятувальної частини №22., За інформацією рятувальників, подія сталася в парку Подоського. Прибувши на місце було встановлено, що горить підсобне приміщення сцени. За попередніми даними, причиною пожежі став умисний підпал невстановленими особами., Пожежу було оперативно ліквідовано., , , , , Як повідомляв сайт vikka.ua, черкащани, у яких , будинок, просять допомоги небайдужих., ,  ","#ВІККА,#новини,#Черкащина,#пожежа",https://www.vikka.ua/novini/na-cherkashhini-nevidomi-pidpalili-pidsobne-primishhennya-v-parku-foto/
Чорнобаївська самбістка стала віце-чемпіонкою Європи (ФОТО)," Владислава Торопцева (на знімку перша зліва) показала високий результат на чемпіонаті Європи серед молоді з боротьби самбо (до 18 і до 20 років). Про це пише "",""., Владислава Торопцева з смт Чорнобай на змаганнях, які проходили на Кіпрі, виборола ІІ місце у ваговій категорії до 70 кг., Підготував спортсменку до цих відповідальних змагань тренер Анатолій Снітко., Як повідомляв сайт vikka.ua, черкащанин виборов , чемпіонату України з армспорту., ","#ВІККА,#новини,#Черкащина,#спорт",https://www.vikka.ua/novini/chornoba%d1%97vska-sambistka-stala-vice-chempionkoyu-yevropi-foto/
Мігранта-нелегала з Ізраїлю піймали на Черкащині," В Умані затримали громадянина Ізраїлю, який незаконно перебував на території України. Про це повідомляє прес-служба управління ДМС України в Черкаській області., Так, 21 квітня було затримано іноземня 1977 року народження, який майже 8 місяців перебував на території України, перевищує встановлений дозволений термін. Мігранта було притягнуто до адміністративної відповідальності та призначено примусове повернення до Ізраїлю. Тож чоловік має до 5 травня сплатити штраф і повернутися на батьківщину. Окрім цього йому заборонено протягом трьох років в’їжджати до України., Зазначимо, що громадяни Ізраїлю мають змогу користуватися безвізовим режимом поїздок, який дозволяє перебування до 90 діб протягом 180 діб на території України., , Як повідомляв сайт vikka.ua, молодий мігрант , на чоловіка в Черкасах., ,  ","#ВІККА,#новини,#Черкащина,#міграційна служба",https://www.vikka.ua/novini/migranta-nelegala-z-izra%d1%97lyu-pijmali-na-cherkashhini/
Цього тижня на Черкащині пануватиме по-літньому тепла погода," Вже зараз відбувається перебудова атмосфери з північного процесу на південний, тому цього тижня кожен день буде теплішим від попереднього. Період нічних та ранкових заморозків поступово закінчується. Про це повідомляє начальник Черкаського обласного центру з гідрометеорології Віталій Постригань., Поточний тиждень радуватиме сонячною, сухою і теплою погодою. Температури повітря вночі становитиме 5..10 градусів тепла, вдень повітря прогріватиметься до 18..23. Така погода сприяє швидкому зростанню показника пожежної небезпеки. Тому вже завтра на Черкащині пануватиме найвищий, п’ятий, клас пожежної небезпеки., , Як повідомляв сайт vikka.ua, з наступного тижня на Черкащині , потепління., ,  ","#ВІККА,#новини,#Черкащина,#погода",https://www.vikka.ua/novini/cogo-tizhnya-na-cherkashhini-panuvatime-po-litnomu-tepla-pogoda/
"ПриватБанк запустив новий ""безконтакт"" – оплату за QR-кодом у POS-терміналах","ПриватБанк запустив в Україні нову технологію оплати покупок смартфонами за QR-кодом через POS-термінали. Як повідомили в банку, така технологія дозволить оплачувати безконтактно будь-які покупки за допомогою смартфонів, що не підтримують NFC-оплату.,Тепер для оплати покупки можна сканувати смартфоном QR-код, який з’явиться на екрані POS-термінала ПриватБанку після введення касиром суми оплати. Для цього достатньо будь-якого смартфону з додатком Privat24. Після сканування коду клієнту залишається вибрати в додатку картку та підтвердити оплату.,За даними ПриватБанку, у першому кварталі 2019 року обсяг безготівкових оплат у мережі еквайрингу банку виріс на 40,5% порівняно з аналогічним періодом 2018 року. До кінця року банк планує збільшити мережу торгових терміналів до 190 тисяч, причому більшість із них будуть приймати безконтактні платежі.","#Черкаси,#ВІККА,#новини,#ПриватБанк",https://www.vikka.ua/novini-na-vikka/yekonomichni-novini/privatbank-zapustiv-novij-bezkontakt-oplatu-za-qr-kodom-u-pos-terminalax/
У трьох громадах-об’єднавцях Черкащини призначили вибори," Центральна виборча комісія своєю постановою призначила 30 червня перші вибори депутатів сільських, селищних, міських рад об’єднаних територіальних громад і відповідних сільських, селищних, міських голів у 66 об’єднаних територіальних громадах. З-поміж них – три з Черкащини, , у Департаменті регіонального розвитку облдержадміністрації., Зокрема на вибори йдуть 7 міських, 14 селищних, 45 сільських ОТГ України. В області вибори плануються у Драбівській селищній ОТГ та двох сільських ОТГ – Баштечківській Жашківського району та Виноградській Лисянського району. Драбівська об’єднає понад 7 тисяч мешканців 1 селища та 2 сіл, Баштечківська громада – майже 2,5 тисяч мешканців 5 сіл 1 селище, Виноградська – 3,5 тисяч мешканців 6 сіл і 1 селище. Виборчий процес тут розпочнеться вже 11 травня., Окрім того, 30 червня також відбудуться додаткові вибори депутатів сільських, селищних рад, що приєднуються до ОТГ. Про це йдеться у постанові ЦВК. На Черкащині такі вибори відбудуться у 5 сільських радах: Макіївській, Самгородоцькій, Санжариській, Ташлицькій які приєднуватимуться до Ротмістрівської ОТГ, що на Смілянщині, та Юрківській, яка поєднуватиметься до Паланської ОТГ Уманського району. Виборчий процес тут також стартує 11 травня., Як повідомляв сайт vikka.ua, в ОТГ на Черкащині , медичної амбулаторії., ","#ВІККА,#новини,#вибори,#Черкащина,#ОТГ",https://www.vikka.ua/novini/u-trox-gromadax-obyednavcyax-cherkashhini-priznachili-vibori/
"Зловмисників, які на Черкащині убили молоду таксистку, арештували"," Підозрюваних у вбивстві таксистки та угоні автомобіля на Черкащині взято під варту. Про це повідомляє , прокуратури Черкаської області., Слідством було встановлено, що двоє чоловіків замовили таксі з Києва до міста Ватутіне. Дорогою вони вирішили викрасти автомобіль, яким керувала молода таксистка. Саме тоді 27-річний пасажир витяг з кишені пістолет та двічі вистрілив водійці в голову., Пізніше зловмисники викинули тіло жінки в канаву біля міста Ватутіне, викрали автівку та поїхали у невідомому напрямку. Особи зловмисників було встановлено. Ними виявилися двоє жителів міста Звенигородка. Їм повідомлено про підозру, щодо них обрано запобіжний захід у вигляді тримання під вартою., За вчинене особам загрожує від 10 до 15 років позбавлення волі або довічне позбавлення волі з конфіскацією майна., Як повідомляв сайт vikka.ua, молодик на Черкащині ледь , неповнолітнього., ,  ","#ВІККА,#новини,#Черкащина,#умисне вбивство",https://www.vikka.ua/novini/zlovmisnikiv-yaki-na-cherkashhini-ubili-molodu-taksistku-areshtuvali/
Підлітки розчистили від сміття три кілометри узбережжя Дніпра на Черкащині," Ліплявське лісництво Золотоніського лісгоспу – одне з улюблених місць відпочинку місцевих жителів. Із кожним роком до лісу, який тягнеться узбережжям річки Дніпро, приїздить ще більше відпочиваючих та залишають по собі гори сміття. Про це повідомляє , Черкаського обласного гідрометцентру лісового та мисливського господарства., Замість того, щоб відпочивати вдома, учні Ліплявського навчально-виховного комплексу вирішили долучилися до акції ""За чисте довкілля"". Тож протягом кількох годин підлітки прибрали майже три кілометри узбережжя. Власним прикладом, намагаючись вирішити ""сміттєву"" проблему школярі разом із лісничим Ліплявського лісництва Олександром Чарухою та інженером з лісових культур Золотоніського лісгоспу Оленою Лістровою зібрали металеві бляшанки, скло, пластик і поліетилен, які забули прибрати після себе відпочиваючі., , , Як повідомляв сайт vikka.ua, на Черкащині невідомі , підсобне приміщення в парку., ,  ","#ВІККА,#новини,#Черкащина,#прибирання",https://www.vikka.ua/novini/pidlitki-rozchistili-vid-smittya-tri-kilometri-uzberezhzhya-dnipra-na-cherkashhini/
"Двох товаришів, які вбили чоловіка, судили на Черкащині"," На Черкащині засудили двох чоловіків, які убили свого знайомого під час розпиття алкоголю. Про це повідомляє , прокуратури Черкаської області., Так, було встановлено, що двоє зловмисників під час розпиття спиртних напоїв в одному з приватних будинків м. Звенигородка, під час конфлікту із господарем домоволодіння жорстоко побили його. Від отриманих травм потерпілий загинув на місці події. Злодії викрали його мобільний телефон та втекли., Окрім того, зазначені особи обвинувачуються у вчиненні крадіжок на території Звенигородського району та нанесенні тілесних ушкоджень місцевому жителю., Суд визнав затриманих винними у скоєних злочинах та засудив їх до 10 років 6 місяців позбавлення волі кожному., Як повідомляв сайт vikka.ua, зловмисників, які на Черкащині , молоду таксистку, арештували., ,  ","#ВІККА,#новини,#Черкащина,#убивство",https://www.vikka.ua/novini/dvox-tovarishiv-yaki-vbili-cholovika-sudili-na-cherkashhini/
"Анатолій Нужний: ""Допомога і сприяння розвитку спорту серед дітей та молоді – найкраща інвестиція у майбутнє!""","20 квітня у Черкасах за сприяння голови Черкаської обласної організації політичної партії ""Наш край"" Анатолія Нужного відбувся Відкритий турнір з Шорінзірю Кенкокан Каратедо, Косікі Каратедо.,Черкаська Школа Каратедо східних єдиноборств виховує сотні спортсменів, організовує та проводить десятки змагань та турнірів, вихованці Школи беруть участь у всеукраїнських та міжнародних змаганнях, здобуваючи призові місця.,На Відкритий турнір 20 квітня до Черкас з’їхалися спортсмени із Києва та Одеси. Що дає можливість і спортсменам, і тренерам продемонструвати рівень власних можливостей, а також перейняти досвід колег.,У турнірі взяли участь 97 учасників, які протягом декількох годин боролися за призові місця та нагороди.,Єдине, що насправді засмучує настільки гарну подію, так це брак належного фінансування спортивної галузі. Адже виховання здорової молоді не є питанням ""номер один"" ні для влади міста, ні для влади області в цілому. Тому питання організаційного характеру, щодо належного приміщення для тренувань та змагань, придбання спортивного обладнання та нагороджувальної атрибутики, залишаються питаннями тренерського складу Школи та батьків її вихованців.,Анатолій Нужний наголосив, що й в подальшому разом із черкаською командою ""Нашого краю"" сприятиме розвитку Школи.,Також, за твердженням політика, допомога і сприяння розвитку спорту серед дітей та молоді – найкраща інвестиція у майбутнє!,За результатами змагань серед 97 учасників 1 і 2 місце розділили порівну 42 учасники, а 3 місце отримало 19 юних спортсменів.",,https://www.vikka.ua/novini-na-vikka/politichni-novini/anatolij-nuzhnij-dopomoga-i-spriyannya-rozvitku-sportu-sered-ditej-ta-molodi-najkrashha-investiciya-u-majbutnye/
У Черкасах у водія вилучили пістолет (ФОТО)," До Черкаського відділку поліції надійшло повідомлення про те, що один із місцевих жителів зберігає в автівці зброю. Про це повідомляє , ГУНП в Черкаській області., Правоохоронці виявили автомобіль підозрюваного на одній із вулиць міста. Під час обшуку транспортного засобу було виявлено пістолет. Водієм виявився раніше судимий житель Черкас, він не пояснив звідки дістав зброю., Пістолет було вилучено та направлено на експертизу. За скоєний злочин чоловіку загрожує покарання у вигляді позбавлення волі на строк від трьох до семи років., , Як повідомляв сайт vikka.ua, зловмисників, які на Черкащині , молоду таксистку, арештували., ,  ","#Черкаси,#ВІККА,#новини,#зброя",https://www.vikka.ua/novini/u-cherkasax-u-vodiya-viluchili-pistolet-foto/
"""Це знущання над виборцями"": як на Черкащині минув день голосування (ФОТО)"," Другий тур виборів на Черкащині минув порівняно спокійно і без грубих порушень. Про це представники обласної ""ОПОРИ"" розповіли на підсумковій прес-конференції 22 квітня, передає кореспондент сайту ,., Незначні порушення спостерігачі Громадянської мережі, які працювали на 48 ДВК та 7 ОВК, фіксували і серед виборців, і самих членів виборчих комісій., , Так, протягом дня у селах Черкащини була помічена видача бюлетеня без паспорта і порушення таємниці голосування. У Лисянському та Городищенському районах бюлетені видавали за свідоцтвом про народження та закордонним паспортом. Ближче до вечора 21 квітня на дільниці 710-892 у Каневі виник конфлікт., 21 квітня поліція області зафіксувала 33 повідомлення щодо можливих порушень виборчого законодавства. Більшість звернень стосувались того, що люди не знаходили себе у списках виборців. Правоохоронці відкрили 2 кримінальні провадження: за незаконне використання бюлетеню та випадок, коли виборець проголосував двічі. Загалом з початку виборчого процесу, з 31 грудня, надійшло 228 повідомлень про можливі порушення виборчого законодавства., За словами Захара Колісніченка, станом на 20 годину дня голосування активність виборців на Черкащині склала 60,93%. Найнижча явка в області була зафіксована на 108 окрузі – 59%. Найактивнішими були виборці 194 округу в Черкасах – майже 62,5%., Громадський омбудсмен із захисту виборчих прав ""ОПОРИ"" Тарас Щербатюк наголошує на випадках недоступності виборчих дільниць. Адже, як виявилось, не всі громадяни мали змогу поставити свій підпис у бюлетені., , Чому виникла така ситуація, представники ""ОПОРИ"" будуть з’ясовувати із департаментом охорони здоров’я. Зазначимо, відповідно до ЗУ ""Про вибори Президента України"", голосувати не можуть ті люди, яких суд визнав недієздатними., Напередодні виборів ""опорівці"" обговорювали із міськими владцями ситуацію по цих школах. Незважаючи на обіцянки облаштувати ДВК, усе лишилось незмінно., Як повідомляв сайт vikka.ua, у трьох громадах-об'єднавцях Черкащини ,., ","#ВІККА,#новини,#вибори,#Черкащина",https://www.vikka.ua/novini/ce-znushhannya-nad-viborcyami-yak-na-cherkashhini-minuv-den-golosuvannya-foto/
Черкащанин зберігав удома небезпечні наркотики," До Черкаського районного відділку поліції надійшло повідомлення про те, що у житель одного із сіл зберігає вдома наркотики. Про це повідомляє , ГУНП в Черкаській області., Під час обшуку помешкання правоохоронці виявили опій ацетильований. Власник наркотиків пояснив, що зберігав їх для власного вжитку. Речовину було вилучено та направлено на експертизу., За скоєний злочин чоловіку загрожує покарання у вигляді штрафу від 50 до 100 неоподатковуваних мінімумів доходів громадян або виправні роботи на строк до двох років, або арешт на строк до шести місяців, або обмеження волі на строк до трьох років, або позбавлення волі на той самий строк., Як повідомляв сайт vikka.ua, у Черкасах у водія , пістолет., ,  ","#ВІККА,#новини,#Черкащина,#наркотики",https://www.vikka.ua/novini/cherkashhanin-zberigav-udoma-nebezpechni-narkotiki/
Черкаські сквери прикрашають до Великодня," У Черкасах розпочали святкову підготовку до Великоднього фестивалю. Про це повідомляє прес-служба КП ""Дирекція парків""., Так, вихованці закладів позашкільної освіти сьогодні, 22 квітня, тематично розпочали прикрашати сквер Юність., Вже у середу, 24 квітня, офіційно стартує святковий Великодній фестиваль. Урочисте відкриття відбудеться о 16:00., Виставка триватиме до 12 травня., , , , Як повідомляв сайт vikka.ua, дорожники , трасу біля Сміли., ,  ","#Черкаси,#ВІККА,#новини,#Великдень",https://www.vikka.ua/novini/cherkaski-skveri-prikrashayut-do-velikodnya/
Проти всіх,"За попередніми підрахунками ""ОПОРИ"", в Україні 2,5% зіпсованих бюлетенів.,Багато хто говорив напередодні виборів, що зіпсує свій бюлетень. Насправді, це практика дещо кепська, оскільки це зняття з себе відповідальності.,До 2011 року в нас була графа ""Проти всіх"". В 1998 році 5,2% виборців – це майже півтора мільйони осіб – на парламентських виборах голосували проти всіх. І на виборах 2010 року 4,3% людей проголосували проти обох кандидатів на пост Президента. Це більше мільйона виборців.,Зрештою, за рекомендацією міжнародних партнерів і виходячи з міжнародної практики, цю графу прибрали. Виборців закликають не псувати бюлетень. ""Якщо я не зіпсую, то хтось за мене проголосує"", – коментують люди. Повірте, в таких умовах спостереження і різнопредставленні комісії це складно зробити.,Чому міжнародні партнери рекомендують відсутність графи ""Проти всіх""? Тому що люди знімають із себе відповідальність. Вибір треба зробити. І так само десь глибше виборці повинні розуміти, що саме вони генерують того кандидата, за якого вони потім хотіли б проголосувати. Це глибинні ідеалістичні речі.,Цьогорічний результат – 2,5% – це не так багато, як очікувалось. Тим не менше, закликаю громадян не псувати свій бюлетень, а робити усвідомлений вибір. Більше впливати на те, які кандидати будуть у бюлетенях, і не чекати, поки вам їх подадуть!","#ВІККА,#вибори,#Черкащина",https://www.vikka.ua/blogs/proti-vsix/
Родинний зв’язок: у черкаському музеї стартував автентично-емоційний фотопроект (ФОТО)," Родина до родини – утворюється рід. Рід до роду – цілий народ. З таким потужним посилом у Черкасах стартував душевний фотопроект під назвою ""Родинний зв’язок"". Понад три десятки світлин, у кожній з яких – щастя звичайної української родини, що береже традиції своєї землі, напередодні прикрасили стіни черкаського обласного краєзнавчого музею. На відкритті виставки побували й кореспонденти ,., Авторками родинного проекту стали фотографині Катерина Друзь та Анна Криворотова. Ті вже представляли колекцію своїх світлин в межах попереднього проекту ""Благословенні Богом українки"". Тоді мисткині створювали унікальні фото, аби продемонструвати можу на жіночі головні убори кінця XIX – початку XX століття. Кажуть, серед учасників минулорічного проекту було багато тих, хто просили зробити фото з кимось з родичів. , , , Усього робота над автентичним проектом тривала 1,5 роки. За цей період у фотомисткинь народжувались не лише світлини. Так, під час знімань у Катерини Друзь встигла народитись головна натхненниця – донечка., , , До роботи над ""Родинним проектом"" фотографині залучили й працівників музею. Усе – аби донести той культурний пласт, який варто берегти, плекати й передавати наступним поколінням, аби не втратити назавжди. Строї Середньої Наддніпрянщини, кажуть етнографи, – як символ української традиційності для сучасників., , , , , Крім того, розповідає музейниця, кожна родина намагалась привнести в образи щось своє –родинні надбання, які передались від мам, бабусь і прабабусь. Хтось же намагався поєднати репліки із сучасними строями., , , , Фотопроект ""Родинний зв’язок"" має свою характерну родзинку: усі світлини чорно-білі. З одного боку таке кольорове рішення пов’язане з тим, що репліки не можуть відтворити з повною ідентичністю ті відтінки, які зустрічались понад століття тому. Тоді орнамент мав не просто декоративне значення, а ніс символіко-оберігове навантаження. З іншого, як пояснює Катерина Друзь, у цьому проекті важливо було показати не стільки не багатство строю і колорит, а зіграти більше на емоціях. Аби яскравість нарядів не відволікала від душевності і чистоти родинних стосунків., Одна з авторок проекту, Анна Криворотова, зазначає: за півтора року роботи над ""Родинним зв’язком"" так і не може виділити улюблені родини,а відтак – і серію світлин. Каже, всі фотосесії улюблені й неповторні., , , , , , Участь ""Родинному зв’язку"" дала можливість врешті зібратись докупи одній з найвідоміших черкаських мистецьких династій. Так, авторки проекту забрали три покоління Теліженків задля неймовірних фото. Дизайнерка Олеся Теліженко розповідає: світлини з цього проекту вже встигли перемогти у конкурсі родинних фото у дитячому садочку, який відвідують її діти., , , Ще одна представниця творчої династії, Олександра Теліженко називає ""Родинний зв’язок"" поверненням до майбутнього. Адже українська вишивка – це наша національна ідея, з допомогою якої ми укріплюємо рід та історію нашого народу. Саме тому нині світ знає й ідентифікує Україну за вишиванками., Як повідомляв сайт vikka.ua, у Черкасах , неймовірно жіночний проект. , ,  ","#виставка,#Черкаси,#ВІККА,#новини,#мистецтво,#фотосесія",https://www.vikka.ua/novini/rodinnij-zvyazok-u-cherkaskomu-muze%d1%97-startuvav-avtentichno-emocijnij-fotoproekt-foto/
На Черкащині відбувся фестиваль писанок (ФОТО)," Фестиваль народного мистецтва й писанки відбувся у Мокрокалигірській тергромаді. Свято зібрало у ОТГ 17 громад регіону, які представили свій культурний, мистецький і туристичний потенціал. Про це повідомляє , Черкаської ОДА., Видовищну яскраву подію організували у Мокрокалигірському садибному парку, що є пам’яткою садово-паркового мистецтва кінця 18 століття. Саме тут громади розмістили експозиції своїх писанок, картин, рушників та інших виробів народного мистецтва, пов’язаних із Великоднем. Крім виступів творчих колективів, цього дня громади змагалися і у футбольному матчі, що також став частиною свята., , До Фестивалю писанки Мокрокалигірська громада створила вздовж центральної вулиці експозицію із великих писанок, вироблених і розмальованих різними колективами ОТГ. Заклади, що працюють у громаді, представили на святі власні тематичні експозиції, демонстрували цікаві майстер-класи – розмальовування писанок, випікання млинців, створення вегетаріанських страв до Великодня., , Як повідомляв сайт vikka.ua, черкаські , прикрашають до Великодня., ,  ","#ВІККА,#новини,#Черкащина,#фестиваль,#Великдень",https://www.vikka.ua/novini/na-cherkashhini-vidbuvsya-festival-pisanok-foto/
У селянина із Черкащини знайшли наркотики," В одному із сіл Черкаського району правоохоронці помітили чоловіка, який підозріло себе поводив. Про це повідомляє , ГУНП в Черкаській області., Під час поверхневого огляду в чоловіка виявили згорток сушеної коноплі. Чоловік пояснив, що наркотики зберігав для власного вживання. Речові докази вилучено та направлено на експертизу., За скоєне чоловіку загрожує покарання у вигляді позбавлення волі на строк від двох до п'яти років., Як повідомляв сайт vikka.ua, черкащанин , удома небезпечні наркотики., ,  ","#ВІККА,#новини,#Черкащина,#наркотики",https://www.vikka.ua/novini/u-selyanina-iz-cherkashhini-znajshli-narkotiki/
Юні таланти Черкас виготовили на великодній конкурс оригінальні писанки (ФОТО)," Дерев’яні, керамічні, натуральні; з тканини, ниток, стрічок, паперу; у жовтих, оранжевих та червоних кольорах… Таке розмаїття творчості представили на конкурс-виставку ""Великдень – 2019"" юні таланти у позашкільному навчальному закладі ""Багатопрофільний молодіжний центр"" Черкаської міської ради., Щорічно, напередодні Пасхальних святкових днів, Центр запрошує ""позмагатися у творчій боротьбі"" маленьких митців закладу., Своє мистецьке бачення у 140 художніх експонатах презентували 113 вихованців відділу декоративно-прикладної творчості у двох номінаціях: ""Пасхальний сувенір"" і ""Композиція на весняну та Великодню тематику""., , Захід залучає дітей до відродження, збереження українських народних традицій щодо виготовлення писанок, Великодніх атрибутів декоративно-ужиткового мистецтва, надання вихованцям можливості проявити своюіндивідуальність., , Найкращі роботи гуртківців візьмуть участь у виставці вуличних інсталяцій Великодніх дерев та писанок, яка відбудеться в рамках міського масштабного заходу ""Черкаський Великодній фестиваль""., , , Як повідомляв сайт vikka.ua, черкаські сквери , до Великодня., ","#Черкаси,#ВІККА,#новини,#Великдень",https://www.vikka.ua/novini/yuni-talanti-cherkas-vigotovili-na-velikodnij-konkurs-originalni-pisanki-foto/
Кілька вулиць у Черкасах лишаться без світла," У Черкасах 23 квітня відбудеться планове відключення електропостачання на чотирьох вулицях. Про це повідомляє , Черкаської міської ради., Так, без світла залишаться мешканці будинків по вулиці Надпільна 31, 22-166,115-211, І.Франка 94-104/1 та Новопречистенська 47-49. Також електроенергії не буде на провулку Матросова 43-67/1,48-72., Відновлення електропостачання відбудеться після 17 години., Як повідомляв сайт vikka.ua, головною вулицею Черкас на півдня , рух транспорту., ,  ","#Черкаси,#ВІККА,#новини,#електропостачання",https://www.vikka.ua/novini/kilka-vulic-u-cherkasax-lishatsya-bez-svitla/
Черкаський депутат заінтригував соцмережу загадкою про будівництво у зеленій зоні (ФОТО)," За відгадку – грошова винагорода. Таку незвичну вечірню вікторину запустив черкаський депутат Олександр Радуцький на свій сторінці у ""Фейсбуці"", опублікувавши фото будівництва. Ймовірно, з зеленої зони в Соснівці. Трьом найкмітливішим, хто відгадає, що будується на цьому місці, обранець пообіцяв поповнення мобільного рахунку. , , , Купи піску, щебню, кілька закопаний бетонних кілець – на обгородженій ділянці зі світлин дійсно ведеться будівництво. Всього за годину після публікації вона назбирала близько сотні відповідей від містян. Ті обурюються вирубаним лісом і водночас намагаються відгадати, пропонуючи найрізноманітніші варіанти. Від крематорію і сміттєпереробного заводу, будівництва яких черкасці ніяк не можуть дочекатись від міської влади, до котеджів, які приписують міському голові і одному з його заступників. Пропонують також варіант з будівництвом автомийки, яке пов’язують з іменем доньки одного з місцевих підприємців. Однак усі варіанти, каже депутат, – поки невірні., , У коментарі кореспондентам , Радуцький також не відкрив секрету оприлюднених світлин. Проте пообіцяв містянам уже найближчими днями ще багато цікавих і несподіваних фактів, пов’язаних з будівельним роботами на цій ділянці., Як повідомляв сайт vikka.ua, черкаський депутат , мера виділити кошти для ремонту школи та доріг на Казбеті.","#Черкаси,#ВІККА,#новини,#будівництво,#Соснівка",https://www.vikka.ua/novini/cherkaskij-deputat-zaintriguvav-socmerezhu-zagadkoyu-pro-budivnictvo-u-zelenij-zoni-foto/
Під час масштабної толоки на Митниці заклали новий сквер (ВІДЕО),"В Україні – День довкілля. На Митниці – велелюдна толока. Сюди місцевих жителів скликав депутат міськради Юрій Тренкін – він обраний по цьому округу. Пояснює: так вирішив боротися з тутешнім стихійним смітником.,""Я вірю в те, що створивши цю зелену зону сьогодні ми надихнемо людей на те щоб вони думали, не викидала сміття поряд із зеленими насадженнями, поряд з квітучими кустарними"".,Цю ділянку несумлінні черкащани намагались перетворити на смітник. Комунальники щотижня звідси вивозили цілі причепи непотребу.,""Ще буквально три дні тому ми вивезли звідси три трактора грязі, вивезли певно більше 2-3 тракторів камінців, бетонних брил, різного складу мукора, будівельного мусора, звичайно старі биті меблі ну і парослі чагарників"".,Тепер замість усього цього тут буятиме зелень. Учасників толоки консультують досвідчені флористи. Напередодні сюди завезли ґрунт – щоб усе прижилось. Дерева, кущі та квіти – нова оаза захоплює різноманіттям. До толоки долучаються і владці Черкас. Гуртом працюють кілька годин.,""Висаджується до 70 дерев, же дуб червоний, липа звичайно, висаджується терен, все це ми обрисовуємо хостою, це така рослина, яка розкидається.. велике листя, висаджуємо форзицю"".,Ініціатори толоки сподіваються, що зроблене власними руками місцеві жителі цінуватимуть більше. Водночас заохочують заквітчати всю Митницю.,""Хотів би започаткувати сьогодні акцію ""Квітуча Митниця"" і встановити призовий фонд стосовно двору, який буде найкращим. Митниця повинна бути квітучою, не дивлячись на те, що це пісок, що це намив, Митниця буде квітучою, я вам це обіцяю"".,Подробиці акції Юрій Тренкін пообіцяв розповісти вже згодом.",,https://www.vikka.ua/novini-na-vikka/politichni-novini/pid-chas-masshtabno%d1%97-toloki-na-mitnici-zaklali-novij-skver-video/
"Подаруй життя. Кирило Благодір, 3 роки, злоякісне утворення в легенях","Не по роках сміливий та непосидючий. 3-річний Кирило не зупиняється ні на мить. Уперше за останні кілька місяців малий має доступ до дитячих забав.,А це реальність Кирила останній рік. Саме стільки він бореться з онконедугом. У хлопчика діагностували злоякісне утворення в легенях. На момент виявлення недуг вже почав ширитися організмом і дав метастази. Столичні медики прооперували Кирила й видалили пухлину. Та чи остаточно – може показати лише спеціальне обстеження.,Та поки батьки збирають на обстеження, Кирило потребує високодозової хімії з підсадкою стовбурових клітин. Першу вже провели у столиці. Друга ж – під питанням.,А ще малий впевнено будує плани на майбутнє.Та аби все це втілилося, родині терміново потрібна фінансова підтримка. Без неї така доросла боротьба маленького хлопчика може зійти нанівець. Нині життя Кирила цілком залежить від щедрості небайдужих.",,https://www.vikka.ua/informatsiya-ta-analitika/podaruy-zhittya/podaruj-zhittya-kirilo-blagodir-3-roki-zloyakisne-utvorennya-v-legenyax/
"Подаруй життя. Аліна Паливода, 35 років, рак молочної залози","Замість обідньої прогулянки – футбол вдома. 2-річний Платон та 9-річний Ярослав влаштували ігрову просто серед вітальні. Грають тихо, бо мама тільки повернулася з лікарні.,У такому дорослому режимі Ярослав живе останні два роки. Відтоді, як у мами виявили рак молочної залози.,На цих архівних кадрах жінка тільки розпочала лікування.,Позаду в 35-річної Аліни 13 курсів хімії. Організм молодої мами задовільно реагує на лікування. Й недуг майже відступив. Втім, закріпити результат жінці не по кишені.,Та весь бюджет сім’ї поки тримається лише на чоловіку – колишньому АТОвцю. Навіть після важкого поранення, він вимушений працювати. Поки ж його немає, вдома за старшого Ярослав., Порятунок найкращої в світі мами коштує понад 200 тисяч гривень. І зібрати їх без сторонньої допомоги родина не зможе. Вся надія 2-річного Платона та 9-річного Ярослава на щедрість небайдужих.",,https://www.vikka.ua/informatsiya-ta-analitika/podaruy-zhittya/podaruj-zhittya-alina-palivoda-35-rokiv-rak-molochno%d1%97-zalozi/
"Бігмени дублерського кладу ""Мавп"" розпочали пошук талантів серед школярів (ВІДЕО)","Із майданчика до школи. Гравці дублерського складу ""Черкаських Мавп"" влаштували справжній баскетбольний відбір талантів. Бігмени Ярослав Войтович і Максим Бухало провели майстер-клас для учнів загальноосвітньої школи №12. Чим дивували потенційних спортсменів та хто чекав на ""Мавп"" найбільше – бачили мої колеги.","#Баскетбол,#діти,#спорт",https://www.vikka.ua/novini-na-vikka/vikka-novini/bigmeni-dublerskogo-kladu-mavp-rozpochali-poshuk-talantiv-sered-shkolyariv-video/
"Найбільша явка на Черкащині в обласному центрі, найменша – у Смілі (ВІДЕО)","Вихідними черкащани разом із усією Україною обирали свого Президента. Голосувати за кандидатів у другому турі виборів зійшлося майже 593 тисячі жителів області. Що на 25 тисяч черкащан менше, ніж взяло участь у першому турі. Явка виборців у семи територіальних округах Черкащини склала майже 61%. Найактивнішими були жителі Черкас, віддати свої голоси прийшло понад 62% містян. Найбільш пасивними – сміляни й кам’янчани із показником ледь вищим за 59%. Станом на п’яту годину вечора ЦВК опрацювала вже 99,9% протоколів ОВК. Не встигли повністю облікувати лише результати 197 територіального виборчого округу, що із центром у Каневі. Із двох кандидатів черкащани найбільшу підтримку надали лідеру ""95 кварталу"" Володимиру Зеленському. Свої голоси за нього віддало майже 77,5% виборців. Це майже 459 тисяч осіб. Чинного Гаранта в другому турі підтримало ледь більше 20% областян, тобто 119 тисяч жителів. Такі цифри є середніми по Україні. Загалом, у голосуванні взяло участь 18 439 000 українців. ЦВК визнала другий тур виборів таким, що відбувся.","#вибори,#статистика",https://www.vikka.ua/novini-na-vikka/vikka-novini/najbilsha-yavka-na-cherkashhini-v-oblasnomu-centri-najmensha-u-smili-video/
Протягом минулої доби в Черкасах трапилося 12 ДТП (ВІДЕО),"По аварії щодві години. У середньому. Протягом минулої доби в Черкасах трапилося 12 ДТП. Про це повідомляє прес-служба Управління патрульної поліції в Черкаській області. Так, на вулиці Надпільній водій автомобіля ""Тойота Прадо"" не дотримався безпечної дистанції й зіткнувся з ""Нісан Альмера"". В аварії ніхто не постраждав, у винуватця ж вилучили посвідчення водія. Без потерпілих обійшлася і автопригода на вулиці Грушевського. Там ""Рено Кенго"" зіткнулося з легковиком. За порушення на водія першого транспортного засобу склали адміністративні матеріали. Загалом за один день трапилося 12 аварій за участі транспортних засобів. Чотири з яких оформили патрульні, у семи випадках – водії склали євро протоколи. В одній із ДТП постраждала жінка. Її син, який саме був за кермом, втратив свідомість і влетів у дерево. Як наслідок, черкащанці затисло ногу. Аби визволити жінку, рятувальники відірвали двері. Пасажирку транспортували до лікарні.","#аварія, ДТП,#статистика",https://www.vikka.ua/novini-na-vikka/vikka-novini/protyagom-minulo%d1%97-dobi-v-cherkasax-trapilosya-12-dtp-video/
